{"appinfo":{"taobao":{"appkey":"21380790","appname":"手机淘宝","scheme":"tbopen://","uri":"tbopen://m.taobao.com/tbopen/index.html?h5Url=${url}&backURL=${backUrl}","downloadUrl":"https://itunes.apple.com/cn/app/tao-bao-sui-shi-sui-xiang/id387682726?mt=8","useULK":true,"ulk":"https://b.mashort.cn/ulk/taobao"},"tmall":{"appkey":"23181017","appname":"手机天猫","scheme":"tmall://","uri":"tmall://page.tm/appLink?h5Url=${url}&backURL=${backUrl}","downloadUrl":"https://pages.tmall.com/wow/mit/act/download"},"alipay":{"appkey":"23027757","appname":"支付宝","scheme":"alipays://","uri":"alipays://platformapi/startapp?appId=2018030502317859&page=h5page/pages/h5page/h5page?targetURI=${url}","downloadUrl":"https://itunes.apple.com/cn/app/id333206289"}},"version":"0.0","validtime":"0"}
